{
  "created_at": "2026-06-23T07:36:00.023248+00:00",
  "calibration_split": "calibration",
  "normal_only": true,
  "onset_threshold_z": 0.5,
  "onset_consecutive_frames": 5,
  "onset_prior_below_frames": 5,
  "detectors": {
    "vjepa2_vitg384": {
      "mean": 100.76866149902344,
      "std": 1.1709684133529663,
      "num_values": 864,
      "min": 96.79327392578125,
      "max": 102.94799041748047,
      "split": "calibration",
      "normal_clip_count": 12,
      "smoothing_kernel": 5
    }
  }
}
