{
  "created_at": "2026-06-15T17:30:01.053523+00:00",
  "calibration_split": "calibration",
  "normal_only": true,
  "onset_threshold_z": 0.5,
  "onset_consecutive_frames": 5,
  "onset_prior_below_frames": 5,
  "detectors": {
    "li_state_rules": {
      "split": "calibration",
      "normal_clip_count": 12,
      "smoothing_kernel": 5,
      "calibration_mode": "per_rule_zscore_then_max",
      "rule_names": [
        "permanence_late_absence",
        "permanence_absence_run",
        "permanence_absence_after_rightward_motion",
        "vanishing_presence_drop",
        "vanishing_sustained_absence",
        "vanishing_absence_before_exit",
        "continuity_speed_jump",
        "continuity_vertical_jump",
        "continuity_absolute_speed",
        "solidity_wall_penetration",
        "solidity_rightward_penetration",
        "solidity_late_penetration",
        "gravity_beyond_edge_floating",
        "gravity_high_beyond_edge",
        "gravity_late_beyond_edge",
        "momentum_acceleration_spike",
        "momentum_leftward_reversal",
        "momentum_speed_burst"
      ],
      "rule_mean": [
        0.02253274992108345,
        0.007819099351763725,
        0.008116936311125755,
        0.012363271787762642,
        0.011728651821613312,
        0.03135877475142479,
        0.05749625340104103,
        0.030765557661652565,
        0.13848578929901123,
        0.4587307274341583,
        0.41802191734313965,
        0.47431737184524536,
        0.2414259910583496,
        0.03928457200527191,
        0.3083440661430359,
        0.22160150110721588,
        0.15196162462234497,
        0.05749625340104103
      ],
      "rule_std": [
        0.13550586998462677,
        0.05390794947743416,
        0.10010816156864166,
        0.12366776913404465,
        0.08086183667182922,
        0.16155563294887543,
        0.38919126987457275,
        0.1832776814699173,
        0.14059054851531982,
        0.9246171116828918,
        0.848581075668335,
        0.9551241993904114,
        0.5708638429641724,
        0.10307890921831131,
        0.6367117762565613,
        0.9133656620979309,
        0.487723708152771,
        0.38919126987457275
      ],
      "rule_safe_std": [
        0.13550586998462677,
        0.05390794947743416,
        0.10010816156864166,
        0.12366776913404465,
        0.08086183667182922,
        0.16155563294887543,
        0.38919126987457275,
        0.1832776814699173,
        0.14059054851531982,
        0.9246171116828918,
        0.848581075668335,
        0.9551241993904114,
        0.5708638429641724,
        0.10307890921831131,
        0.6367117762565613,
        0.9133656620979309,
        0.487723708152771,
        0.38919126987457275
      ],
      "num_values_per_rule": 864,
      "global_rule_score_min": -0.0,
      "global_rule_score_max": 5.0
    }
  }
}
